<?xml version="1.0"?>
<!DOCTYPE BackupList [
	<!ELEMENT BackupList (Default, Backup+)>
	<!ELEMENT Default (ID)>
	<!ELEMENT ID (#PCDATA)>

	<!ELEMENT Backup (Name, Date, Path, Description)>
	<!ATTLIST Backup
		id ID #REQUIRED
	>
	<!ELEMENT Name (#PCDATA)>
	<!ELEMENT Date (#PCDATA)>
	<!ELEMENT Path (#PCDATA)>
	<!ELEMENT Description (#PCDATA)>
]>
<BackupList>
	<Default>
		<ID>id_welcome</ID>
	</Default>
	<Backup id="id_welcome">
		<Name>Welcome</Name>
		<Date>2002.07.29</Date>
		<Path>Welcome</Path>
		<Description>Welcome to 'Outlook Mail Backup'.</Description>
	</Backup>
</BackupList>
