<?xml version="1.0" encoding="ISO-8859-1"?>
<?xml-stylesheet type="text/xsl" href="MyFiles.xsl"?>
<files>
<folder><name><![CDATA[MP3]]></name><id>dir1</id><subs>16</subs><size>1.35gb</size>
<subfolders>
<subfolder path="C:\MP3\Box Car Racer"><subs>0</subs><id>52</id><name><![CDATA[Box Car Racer]]></name><size>56.34mb</size>
<subfolders>
</subfolders>
<file><id>file412</id><name><![CDATA[Box Car Racer - 01 -  I Feel So.mp3]]></name><size>10.30mb</size><type>MP3 Format Sound</type><lastmod>06/20/02 05:41:27 PM</lastmod></file>
<file><id>file413</id><name><![CDATA[Box Car Racer - 02 - All Systems Go.mp3]]></name><size>4.48mb</size><type>MP3 Format Sound</type><lastmod>06/20/02 05:45:51 PM</lastmod></file>
<file><id>file414</id><name><![CDATA[Box Car Racer - 07 - Letters To God.mp3]]></name><size>4.53mb</size><type>MP3 Format Sound</type><lastmod>06/20/02 05:38:52 PM</lastmod></file>
<file><id>file415</id><name><![CDATA[box car racer - 09 - sorrow.mp3]]></name><size>7.91mb</size><type>MP3 Format Sound</type><lastmod>06/20/02 05:53:05 PM</lastmod></file>
<file><id>file416</id><name><![CDATA[Box Car Racer - 10 - There Is.mp3]]></name><size>7.59mb</size><type>MP3 Format Sound</type><lastmod>06/20/02 05:46:05 PM</lastmod></file>
<file><id>file417</id><name><![CDATA[Box Car Racer - 12 Elevator (CD version).mp3]]></name><size>3.46mb</size><type>MP3 Format Sound</type><lastmod>06/20/02 05:41:58 PM</lastmod></file>
<file><id>file418</id><name><![CDATA[Box Car Racer - 2- I Feel So.mp3]]></name><size>4.94mb</size><type>MP3 Format Sound</type><lastmod>06/20/02 05:41:25 PM</lastmod></file>
<file><id>file419</id><name><![CDATA[box car racer - Cat Like Thief.mp3]]></name><size>3.82mb</size><type>MP3 Format Sound</type><lastmod>06/20/02 05:46:49 PM</lastmod></file>
<file><id>file420</id><name><![CDATA[Box Car Racer - My First Punk Song.mp3]]></name><size>1,002.63kb</size><type>MP3 Format Sound</type><lastmod>06/20/02 05:37:25 PM</lastmod></file>
<file><id>file421</id><name><![CDATA[Box Car Racer - Tiny Voices.mp3]]></name><size>4.78mb</size><type>MP3 Format Sound</type><lastmod>06/20/02 05:35:44 PM</lastmod></file>
<file><id>file422</id><name><![CDATA[Box Car Racer_WATCH THE WORLD.mp3]]></name><size>3.55mb</size><type>MP3 Format Sound</type><lastmod>06/20/02 04:48:46 PM</lastmod></file>
</subfolder>
</subfolders>
<subfolders>
<subfolder path="C:\MP3\Bush"><subs>0</subs><id>53</id><name><![CDATA[Bush]]></name><size>62.65mb</size>
<subfolders>
</subfolders>
<file><id>file423</id><name><![CDATA[bush - float.mp3]]></name><size>5.83mb</size><type>MP3 Format Sound</type><lastmod>06/05/02 04:12:40 AM</lastmod></file>
<file><id>file424</id><name><![CDATA[bush - fugitive.mp3]]></name><size>5.53mb</size><type>MP3 Format Sound</type><lastmod>06/05/02 04:23:56 AM</lastmod></file>
<file><id>file425</id><name><![CDATA[bush - headful of ghosts.mp3]]></name><size>3.98mb</size><type>MP3 Format Sound</type><lastmod>06/05/02 04:07:46 AM</lastmod></file>
<file><id>file426</id><name><![CDATA[bush - hurricane.mp3]]></name><size>4.43mb</size><type>MP3 Format Sound</type><lastmod>06/05/02 04:07:42 AM</lastmod></file>
<file><id>file427</id><name><![CDATA[bush - inflatable.mp3]]></name><size>5.90mb</size><type>MP3 Format Sound</type><lastmod>06/05/02 04:19:13 AM</lastmod></file>
<file><id>file428</id><name><![CDATA[bush - land of the living.mp3]]></name><size>5.83mb</size><type>MP3 Format Sound</type><lastmod>06/05/02 04:24:11 AM</lastmod></file>
<file><id>file429</id><name><![CDATA[bush - my engine is with you.mp3]]></name><size>3.51mb</size><type>MP3 Format Sound</type><lastmod>06/05/02 04:26:45 AM</lastmod></file>
<file><id>file430</id><name><![CDATA[bush - out of this world.mp3]]></name><size>5.51mb</size><type>MP3 Format Sound</type><lastmod>06/05/02 04:14:02 AM</lastmod></file>
<file><id>file431</id><name><![CDATA[bush - reasons.mp3]]></name><size>5.04mb</size><type>MP3 Format Sound</type><lastmod>06/05/02 04:04:19 AM</lastmod></file>
<file><id>file432</id><name><![CDATA[bush - solutions.mp3]]></name><size>6.11mb</size><type>MP3 Format Sound</type><lastmod>06/05/02 04:23:49 AM</lastmod></file>
<file><id>file433</id><name><![CDATA[bush - superman.mp3]]></name><size>5.45mb</size><type>MP3 Format Sound</type><lastmod>06/05/02 04:14:21 AM</lastmod></file>
<file><id>file434</id><name><![CDATA[bush - the people that we love.mp3]]></name><size>5.53mb</size><type>MP3 Format Sound</type><lastmod>06/05/02 04:17:58 AM</lastmod></file>
</subfolder>
</subfolders>
<subfolders>
<subfolder path="C:\MP3\CKY - Bam Margera From Jackass"><subs>0</subs><id>54</id><name><![CDATA[CKY - Bam Margera From Jackass]]></name><size>91.02mb</size>
<subfolders>
</subfolders>
<file><id>file435</id><name><![CDATA[cky - 96 quite bitter beings.mp3]]></name><size>3.08mb</size><type>MP3 Format Sound</type><lastmod>05/19/02 03:38:24 PM</lastmod></file>
<file><id>file436</id><name><![CDATA[cky - Arnold Schwartzenegger calls Second C Escort Service.mp3]]></name><size>2.05mb</size><type>MP3 Format Sound</type><lastmod>05/19/02 03:48:18 PM</lastmod></file>
<file><id>file437</id><name><![CDATA[cky - ass voice.mp3]]></name><size>739.25kb</size><type>MP3 Format Sound</type><lastmod>05/19/02 03:44:44 PM</lastmod></file>
<file><id>file438</id><name><![CDATA[cky - Bam and Jess Margera on helium.mp3]]></name><size>655.51kb</size><type>MP3 Format Sound</type><lastmod>05/19/02 03:46:14 PM</lastmod></file>
<file><id>file439</id><name><![CDATA[cky - ben chi.mp3]]></name><size>1.87mb</size><type>MP3 Format Sound</type><lastmod>05/19/02 03:52:46 PM</lastmod></file>
<file><id>file440</id><name><![CDATA[cky - bran's freestyle.mp3]]></name><size>2.28mb</size><type>MP3 Format Sound</type><lastmod>05/19/02 03:41:08 PM</lastmod></file>
<file><id>file441</id><name><![CDATA[cky - Call To Porno Shop.mp3]]></name><size>1.42mb</size><type>MP3 Format Sound</type><lastmod>05/19/02 03:50:30 PM</lastmod></file>
<file><id>file442</id><name><![CDATA[cky - cap'n crunch.mp3]]></name><size>360.00kb</size><type>MP3 Format Sound</type><lastmod>05/19/02 03:55:48 PM</lastmod></file>
<file><id>file443</id><name><![CDATA[cky - cd.mp3]]></name><size>2.59mb</size><type>MP3 Format Sound</type><lastmod>05/19/02 04:08:04 PM</lastmod></file>
<file><id>file444</id><name><![CDATA[cky - Christina's Blow Job.mp3]]></name><size>462.98kb</size><type>MP3 Format Sound</type><lastmod>05/19/02 03:55:07 PM</lastmod></file>
<file><id>file445</id><name><![CDATA[cky - destination undefined.mp3]]></name><size>3.87mb</size><type>MP3 Format Sound</type><lastmod>05/19/02 04:11:48 PM</lastmod></file>
<file><id>file446</id><name><![CDATA[cky - disengage the simulator.mp3]]></name><size>2.80mb</size><type>MP3 Format Sound</type><lastmod>05/19/02 03:37:41 PM</lastmod></file>
<file><id>file447</id><name><![CDATA[cky - Dog Fence.mp3]]></name><size>5.04mb</size><type>MP3 Format Sound</type><lastmod>05/19/02 04:01:44 PM</lastmod></file>
<file><id>file448</id><name><![CDATA[cky - Drunken Freestyle.mp3]]></name><size>1.38mb</size><type>MP3 Format Sound</type><lastmod>05/19/02 04:06:51 PM</lastmod></file>
<file><id>file449</id><name><![CDATA[cky - Dunkin Donuts II.mp3]]></name><size>955.10kb</size><type>MP3 Format Sound</type><lastmod>05/19/02 03:54:28 PM</lastmod></file>
<file><id>file450</id><name><![CDATA[cky - eye of the tiger.mp3]]></name><size>1.79mb</size><type>MP3 Format Sound</type><lastmod>05/19/02 03:41:35 PM</lastmod></file>
<file><id>file451</id><name><![CDATA[cky - fat fuck.mp3]]></name><size>2.41mb</size><type>MP3 Format Sound</type><lastmod>05/19/02 03:50:13 PM</lastmod></file>
<file><id>file452</id><name><![CDATA[cky - Flesh Into Gear.mp3]]></name><size>2.85mb</size><type>MP3 Format Sound</type><lastmod>05/19/02 03:44:45 PM</lastmod></file>
<file><id>file453</id><name><![CDATA[cky - foolin.mp3]]></name><size>1.33mb</size><type>MP3 Format Sound</type><lastmod>05/19/02 03:58:08 PM</lastmod></file>
<file><id>file454</id><name><![CDATA[cky - Free Sex.mp3]]></name><size>738.37kb</size><type>MP3 Format Sound</type><lastmod>05/19/02 04:01:03 PM</lastmod></file>
<file><id>file455</id><name><![CDATA[cky - gary coleman prank.mp3]]></name><size>1.75mb</size><type>MP3 Format Sound</type><lastmod>05/19/02 04:01:42 PM</lastmod></file>
<file><id>file456</id><name><![CDATA[cky - girl fight drunken freestyle.mp3]]></name><size>2.41mb</size><type>MP3 Format Sound</type><lastmod>05/19/02 03:57:59 PM</lastmod></file>
<file><id>file457</id><name><![CDATA[cky - Hans This is Igor.mp3]]></name><size>1.64mb</size><type>MP3 Format Sound</type><lastmod>05/19/02 03:48:53 PM</lastmod></file>
<file><id>file458</id><name><![CDATA[cky - i want to slip it in you.mp3]]></name><size>159.31kb</size><type>MP3 Format Sound</type><lastmod>05/19/02 03:51:03 PM</lastmod></file>
<file><id>file459</id><name><![CDATA[cky - i'm gonna fuck your day up.mp3]]></name><size>1.76mb</size><type>MP3 Format Sound</type><lastmod>05/19/02 03:36:20 PM</lastmod></file>
<file><id>file460</id><name><![CDATA[cky - Inhuman Creation Station.mp3]]></name><size>2.67mb</size><type>MP3 Format Sound</type><lastmod>05/19/02 04:10:56 PM</lastmod></file>
<file><id>file461</id><name><![CDATA[cky - Jackass Shopping Cart song.mp3]]></name><size>3.08mb</size><type>MP3 Format Sound</type><lastmod>05/19/02 03:44:40 PM</lastmod></file>
<file><id>file462</id><name><![CDATA[cky - lost in a contraption.mp3]]></name><size>3.10mb</size><type>MP3 Format Sound</type><lastmod>05/19/02 03:52:03 PM</lastmod></file>
<file><id>file463</id><name><![CDATA[cky - mama's donuts.mp3]]></name><size>1,008.57kb</size><type>MP3 Format Sound</type><lastmod>05/19/02 03:59:17 PM</lastmod></file>
<file><id>file464</id><name><![CDATA[cky - masturbating survey.mp3]]></name><size>834.83kb</size><type>MP3 Format Sound</type><lastmod>05/19/02 03:59:57 PM</lastmod></file>
<file><id>file465</id><name><![CDATA[cky - mcdonalds drive thru.mp3]]></name><size>1.69mb</size><type>MP3 Format Sound</type><lastmod>05/19/02 03:39:47 PM</lastmod></file>
<file><id>file466</id><name><![CDATA[cky - prank call.mp3]]></name><size>2.93mb</size><type>MP3 Format Sound</type><lastmod>05/19/02 03:38:56 PM</lastmod></file>
<file><id>file467</id><name><![CDATA[cky - Prank Calls.mp3]]></name><size>1.46mb</size><type>MP3 Format Sound</type><lastmod>05/19/02 03:42:26 PM</lastmod></file>
<file><id>file468</id><name><![CDATA[cky - Prank Phone Calls- Sears.mp3]]></name><size>499.49kb</size><type>MP3 Format Sound</type><lastmod>05/19/02 03:56:35 PM</lastmod></file>
<file><id>file469</id><name><![CDATA[cky - promiscuous daughter.mp3]]></name><size>3.01mb</size><type>MP3 Format Sound</type><lastmod>05/19/02 03:39:00 PM</lastmod></file>
<file><id>file470</id><name><![CDATA[cky - Retard Phones Wal-Mart.mp3]]></name><size>1.28mb</size><type>MP3 Format Sound</type><lastmod>05/19/02 04:10:54 PM</lastmod></file>
<file><id>file471</id><name><![CDATA[cky - Rio Bravo.mp3]]></name><size>2.90mb</size><type>MP3 Format Sound</type><lastmod>05/19/02 03:44:43 PM</lastmod></file>
<file><id>file472</id><name><![CDATA[cky - Santa's Coming.mp3]]></name><size>2.53mb</size><type>MP3 Format Sound</type><lastmod>05/19/02 04:17:53 PM</lastmod></file>
<file><id>file473</id><name><![CDATA[cky - sara's mask.mp3]]></name><size>4.60mb</size><type>MP3 Format Sound</type><lastmod>05/19/02 03:47:48 PM</lastmod></file>
<file><id>file474</id><name><![CDATA[cky - shippensbam.mp3]]></name><size>3.09mb</size><type>MP3 Format Sound</type><lastmod>05/19/02 03:54:00 PM</lastmod></file>
<file><id>file475</id><name><![CDATA[cky - Sink Into the Underground.mp3]]></name><size>2.08mb</size><type>MP3 Format Sound</type><lastmod>05/19/02 03:59:45 PM</lastmod></file>
<file><id>file476</id><name><![CDATA[cky - stoned dude.mp3]]></name><size>1.08mb</size><type>MP3 Format Sound</type><lastmod>05/19/02 03:50:13 PM</lastmod></file>
<file><id>file477</id><name><![CDATA[cky - Testing (411vm 1995).mp3]]></name><size>3.39mb</size><type>MP3 Format Sound</type><lastmod>05/19/02 03:55:17 PM</lastmod></file>
<file><id>file478</id><name><![CDATA[dimmu_borgir_-_Hybrid_Stigmata.mp3]]></name><size>3.56mb</size><type>MP3 Format Sound</type><lastmod>06/11/02 05:07:40 PM</lastmod></file>
</subfolder>
</subfolders>
<subfolders>
<subfolder path="C:\MP3\Danzig"><subs>0</subs><id>55</id><name><![CDATA[Danzig]]></name><size>422.77mb</size>
<subfolders>
</subfolders>
<file><id>file479</id><name><![CDATA[danzig - 777.mp3]]></name><size>6.48mb</size><type>MP3 Format Sound</type><lastmod>06/05/02 02:55:33 PM</lastmod></file>
<file><id>file480</id><name><![CDATA[danzig - 7th house.mp3]]></name><size>3.49mb</size><type>MP3 Format Sound</type><lastmod>06/05/02 04:16:12 PM</lastmod></file>
<file><id>file481</id><name><![CDATA[danzig - am i demon.mp3]]></name><size>4.54mb</size><type>MP3 Format Sound</type><lastmod>06/05/02 02:48:47 PM</lastmod></file>
<file><id>file482</id><name><![CDATA[danzig - and the angels weep.mp3]]></name><size>1.19mb</size><type>MP3 Format Sound</type><lastmod>06/05/02 04:37:35 PM</lastmod></file>
<file><id>file483</id><name><![CDATA[danzig - Angel Blake.mp3]]></name><size>4.94mb</size><type>MP3 Format Sound</type><lastmod>06/05/02 04:05:33 PM</lastmod></file>
<file><id>file484</id><name><![CDATA[danzig - anything.mp3]]></name><size>4.41mb</size><type>MP3 Format Sound</type><lastmod>06/05/02 03:30:59 PM</lastmod></file>
<file><id>file485</id><name><![CDATA[danzig - apokalips.mp3]]></name><size>4.38mb</size><type>MP3 Format Sound</type><lastmod>06/05/02 04:27:51 PM</lastmod></file>
<file><id>file486</id><name><![CDATA[danzig - ashes.mp3]]></name><size>5.02mb</size><type>MP3 Format Sound</type><lastmod>06/05/02 04:30:06 PM</lastmod></file>
<file><id>file487</id><name><![CDATA[danzig - battle for heaven.mp3]]></name><size>3.56mb</size><type>MP3 Format Sound</type><lastmod>06/05/02 04:28:02 PM</lastmod></file>
<file><id>file488</id><name><![CDATA[danzig - belly of the beast.mp3]]></name><size>4.10mb</size><type>MP3 Format Sound</type><lastmod>06/05/02 03:22:25 PM</lastmod></file>
<file><id>file489</id><name><![CDATA[danzig - Black Aria (Dirge of Defeat).mp3]]></name><size>1.65mb</size><type>MP3 Format Sound</type><lastmod>06/05/02 04:26:20 PM</lastmod></file>
<file><id>file490</id><name><![CDATA[danzig - Black Mass.mp3]]></name><size>6.84mb</size><type>MP3 Format Sound</type><lastmod>06/05/02 03:32:07 PM</lastmod></file>
<file><id>file491</id><name><![CDATA[danzig - blood and tears.mp3]]></name><size>4.96mb</size><type>MP3 Format Sound</type><lastmod>06/05/02 02:56:05 PM</lastmod></file>
<file><id>file492</id><name><![CDATA[danzig - bodies.mp3]]></name><size>3.04mb</size><type>MP3 Format Sound</type><lastmod>06/05/02 03:42:30 PM</lastmod></file>
<file><id>file493</id><name><![CDATA[danzig - brand new god.mp3]]></name><size>5.14mb</size><type>MP3 Format Sound</type><lastmod>06/05/02 03:55:28 PM</lastmod></file>
<file><id>file494</id><name><![CDATA[danzig - bringer of death.mp3]]></name><size>5.35mb</size><type>MP3 Format Sound</type><lastmod>06/05/02 03:49:30 PM</lastmod></file>
<file><id>file495</id><name><![CDATA[danzig - can't speak.mp3]]></name><size>3.75mb</size><type>MP3 Format Sound</type><lastmod>06/05/02 02:51:32 PM</lastmod></file>
<file><id>file496</id><name><![CDATA[danzig - cantspeak.mp3]]></name><size>4.69mb</size><type>MP3 Format Sound</type><lastmod>06/05/02 03:44:09 PM</lastmod></file>
<file><id>file497</id><name><![CDATA[danzig - cold eternal.mp3]]></name><size>4.33mb</size><type>MP3 Format Sound</type><lastmod>06/05/02 04:07:13 PM</lastmod></file>
<file><id>file498</id><name><![CDATA[danzig - come to silver.mp3]]></name><size>3.67mb</size><type>MP3 Format Sound</type><lastmod>06/05/02 04:21:10 PM</lastmod></file>
<file><id>file499</id><name><![CDATA[danzig - cult without a name.mp3]]></name><size>4.30mb</size><type>MP3 Format Sound</type><lastmod>06/05/02 04:25:02 PM</lastmod></file>
<file><id>file500</id><name><![CDATA[danzig - Dead Inside.mp3]]></name><size>7.25mb</size><type>MP3 Format Sound</type><lastmod>06/05/02 04:47:41 PM</lastmod></file>
<file><id>file501</id><name><![CDATA[danzig - devil's plaything.mp3]]></name><size>3.86mb</size><type>MP3 Format Sound</type><lastmod>06/05/02 02:44:26 PM</lastmod></file>
<file><id>file502</id><name><![CDATA[danzig - dirty black summer.mp3]]></name><size>4.78mb</size><type>MP3 Format Sound</type><lastmod>06/05/02 02:42:57 PM</lastmod></file>
<file><id>file503</id><name><![CDATA[danzig - do you wear the mark.mp3]]></name><size>4.39mb</size><type>MP3 Format Sound</type><lastmod>06/05/02 04:02:35 PM</lastmod></file>
<file><id>file504</id><name><![CDATA[danzig - dominion.mp3]]></name><size>4.88mb</size><type>MP3 Format Sound</type><lastmod>06/05/02 04:19:08 PM</lastmod></file>
<file><id>file505</id><name><![CDATA[danzig - east indian devil kalis song.mp3]]></name><size>3.74mb</size><type>MP3 Format Sound</type><lastmod>06/05/02 04:38:15 PM</lastmod></file>
<file><id>file506</id><name><![CDATA[danzig - end of time.mp3]]></name><size>2.78mb</size><type>MP3 Format Sound</type><lastmod>06/05/02 02:55:53 PM</lastmod></file>
<file><id>file507</id><name><![CDATA[danzig - evil thing.mp3]]></name><size>2.99mb</size><type>MP3 Format Sound</type><lastmod>06/05/02 02:56:36 PM</lastmod></file>
<file><id>file508</id><name><![CDATA[danzig - firemass.mp3]]></name><size>3.58mb</size><type>MP3 Format Sound</type><lastmod>06/05/02 03:52:23 PM</lastmod></file>
<file><id>file509</id><name><![CDATA[danzig - five finger crawl.mp3]]></name><size>4.25mb</size><type>MP3 Format Sound</type><lastmod>06/05/02 02:50:09 PM</lastmod></file>
<file><id>file510</id><name><![CDATA[danzig - girl.mp3]]></name><size>4.66mb</size><type>MP3 Format Sound</type><lastmod>06/05/02 03:32:29 PM</lastmod></file>
<file><id>file511</id><name><![CDATA[danzig - God Of Light.mp3]]></name><size>4.99mb</size><type>MP3 Format Sound</type><lastmod>06/05/02 03:56:47 PM</lastmod></file>
<file><id>file512</id><name><![CDATA[danzig - godless.mp3]]></name><size>4.86mb</size><type>MP3 Format Sound</type><lastmod>06/05/02 03:46:05 PM</lastmod></file>
<file><id>file513</id><name><![CDATA[danzig - going down to die.mp3]]></name><size>5.72mb</size><type>MP3 Format Sound</type><lastmod>06/05/02 02:58:56 PM</lastmod></file>
<file><id>file514</id><name><![CDATA[danzig - Halo Goddess Bone.mp3]]></name><size>6.17mb</size><type>MP3 Format Sound</type><lastmod>06/05/02 04:03:45 PM</lastmod></file>
<file><id>file515</id><name><![CDATA[danzig - hand of doom.mp3]]></name><size>3.29mb</size><type>MP3 Format Sound</type><lastmod>06/05/02 04:30:09 PM</lastmod></file>
<file><id>file516</id><name><![CDATA[danzig - heart of the devil.mp3]]></name><size>4.27mb</size><type>MP3 Format Sound</type><lastmod>06/05/02 03:50:07 PM</lastmod></file>
<file><id>file517</id><name><![CDATA[danzig - her black wings.mp3]]></name><size>4.56mb</size><type>MP3 Format Sound</type><lastmod>06/05/02 02:48:35 PM</lastmod></file>
<file><id>file518</id><name><![CDATA[danzig - hint of her blood.mp3]]></name><size>4.62mb</size><type>MP3 Format Sound</type><lastmod>06/05/02 04:30:44 PM</lastmod></file>
<file><id>file519</id><name><![CDATA[danzig - how the gods kill.mp3]]></name><size>5.45mb</size><type>MP3 Format Sound</type><lastmod>06/05/02 02:50:01 PM</lastmod></file>
<file><id>file520</id><name><![CDATA[danzig - i don't mind the pain.mp3]]></name><size>5.45mb</size><type>MP3 Format Sound</type><lastmod>06/05/02 03:36:50 PM</lastmod></file>
<file><id>file521</id><name><![CDATA[danzig - I Luciferi.mp3]]></name><size>4.47mb</size><type>MP3 Format Sound</type><lastmod>06/05/02 03:51:12 PM</lastmod></file>
<file><id>file522</id><name><![CDATA[danzig - i'm the one.mp3]]></name><size>3.08mb</size><type>MP3 Format Sound</type><lastmod>06/05/02 02:49:39 PM</lastmod></file>
<file><id>file523</id><name><![CDATA[danzig - Into the Mouth of Abandonement.mp3]]></name><size>4.24mb</size><type>MP3 Format Sound</type><lastmod>06/05/02 04:47:58 PM</lastmod></file>
<file><id>file524</id><name><![CDATA[danzig - invocation.mp3]]></name><size>2.73mb</size><type>MP3 Format Sound</type><lastmod>06/05/02 04:29:25 PM</lastmod></file>
<file><id>file525</id><name><![CDATA[danzig - it's coming down.mp3]]></name><size>3.30mb</size><type>MP3 Format Sound</type><lastmod>06/05/02 04:36:30 PM</lastmod></file>
<file><id>file526</id><name><![CDATA[danzig - killer wolf.mp3]]></name><size>3.65mb</size><type>MP3 Format Sound</type><lastmod>06/05/02 02:57:32 PM</lastmod></file>
<file><id>file527</id><name><![CDATA[danzig - Kiss The Skull.mp3]]></name><size>5.73mb</size><type>MP3 Format Sound</type><lastmod>06/05/02 03:52:51 PM</lastmod></file>
<file><id>file528</id><name><![CDATA[danzig - left hand black.mp3]]></name><size>3.64mb</size><type>MP3 Format Sound</type><lastmod>06/05/02 03:29:53 PM</lastmod></file>
<file><id>file529</id><name><![CDATA[danzig - less than zero.mp3]]></name><size>3.27mb</size><type>MP3 Format Sound</type><lastmod>06/05/02 04:14:42 PM</lastmod></file>
<file><id>file530</id><name><![CDATA[danzig - let it be captured.mp3]]></name><size>6.05mb</size><type>MP3 Format Sound</type><lastmod>06/05/02 04:08:23 PM</lastmod></file>
<file><id>file531</id><name><![CDATA[danzig - Liberskull.mp3]]></name><size>7.88mb</size><type>MP3 Format Sound</type><lastmod>06/05/02 04:41:27 PM</lastmod></file>
<file><id>file532</id><name><![CDATA[danzig - Lilin.mp3]]></name><size>7.48mb</size><type>MP3 Format Sound</type><lastmod>06/05/02 04:35:18 PM</lastmod></file>
<file><id>file533</id><name><![CDATA[danzig - little whip.mp3]]></name><size>4.73mb</size><type>MP3 Format Sound</type><lastmod>06/05/02 03:25:06 PM</lastmod></file>
<file><id>file534</id><name><![CDATA[danzig - long way back from hell.mp3]]></name><size>5.03mb</size><type>MP3 Format Sound</type><lastmod>06/05/02 02:49:23 PM</lastmod></file>
<file><id>file535</id><name><![CDATA[danzig - Lucifuge.mp3]]></name><size>5.37mb</size><type>MP3 Format Sound</type><lastmod>06/05/02 04:47:49 PM</lastmod></file>
<file><id>file536</id><name><![CDATA[danzig - mother.mp3]]></name><size>3.13mb</size><type>MP3 Format Sound</type><lastmod>06/05/02 02:42:21 PM</lastmod></file>
<file><id>file537</id><name><![CDATA[danzig - Mothers.mp3]]></name><size>3.13mb</size><type>MP3 Format Sound</type><lastmod>06/05/02 04:34:07 PM</lastmod></file>
<file><id>file538</id><name><![CDATA[danzig - Naked Witch.mp3]]></name><size>5.37mb</size><type>MP3 Format Sound</type><lastmod>06/05/02 04:43:50 PM</lastmod></file>
<file><id>file539</id><name><![CDATA[danzig - not of this world.mp3]]></name><size>3.38mb</size><type>MP3 Format Sound</type><lastmod>06/05/02 03:01:35 PM</lastmod></file>
<file><id>file540</id><name><![CDATA[danzig - overture of the rebel angels.mp3]]></name><size>2.41mb</size><type>MP3 Format Sound</type><lastmod>06/05/02 04:16:51 PM</lastmod></file>
<file><id>file541</id><name><![CDATA[danzig - Ozzy cover.mp3]]></name><size>2.64mb</size><type>MP3 Format Sound</type><lastmod>06/05/02 04:38:05 PM</lastmod></file>
<file><id>file542</id><name><![CDATA[danzig - pain in the world.mp3]]></name><size>10.73mb</size><type>MP3 Format Sound</type><lastmod>06/05/02 03:55:40 PM</lastmod></file>
<file><id>file543</id><name><![CDATA[danzig - possession.mp3]]></name><size>3.60mb</size><type>MP3 Format Sound</type><lastmod>06/05/02 03:19:12 PM</lastmod></file>
<file><id>file544</id><name><![CDATA[danzig - power of darkness.mp3]]></name><size>3.06mb</size><type>MP3 Format Sound</type><lastmod>06/05/02 04:22:22 PM</lastmod></file>
<file><id>file545</id><name><![CDATA[danzig - Rob Zombie and Glenn Danzig.mp3]]></name><size>5.61mb</size><type>MP3 Format Sound</type><lastmod>06/05/02 04:34:32 PM</lastmod></file>
<file><id>file546</id><name><![CDATA[danzig - sacrifice.mp3]]></name><size>5.12mb</size><type>MP3 Format Sound</type><lastmod>06/05/02 03:36:41 PM</lastmod></file>
<file><id>file547</id><name><![CDATA[danzig - sadistikal.mp3]]></name><size>4.69mb</size><type>MP3 Format Sound</type><lastmod>06/05/02 04:30:42 PM</lastmod></file>
<file><id>file548</id><name><![CDATA[danzig - satan's child.mp3]]></name><size>4.01mb</size><type>MP3 Format Sound</type><lastmod>06/05/02 04:47:12 PM</lastmod></file>
<file><id>file549</id><name><![CDATA[danzig - satans child.mp3]]></name><size>3.21mb</size><type>MP3 Format Sound</type><lastmod>06/05/02 03:35:26 PM</lastmod></file>
<file><id>file550</id><name><![CDATA[danzig - see all you were.mp3]]></name><size>4.62mb</size><type>MP3 Format Sound</type><lastmod>06/05/02 04:30:44 PM</lastmod></file>
<file><id>file551</id><name><![CDATA[danzig - serpentia.mp3]]></name><size>6.12mb</size><type>MP3 Format Sound</type><lastmod>06/05/02 04:47:59 PM</lastmod></file>
<file><id>file552</id><name><![CDATA[danzig - she rides.mp3]]></name><size>4.73mb</size><type>MP3 Format Sound</type><lastmod>06/05/02 02:42:41 PM</lastmod></file>
<file><id>file553</id><name><![CDATA[danzig - sistinas.mp3]]></name><size>4.06mb</size><type>MP3 Format Sound</type><lastmod>06/05/02 02:47:44 PM</lastmod></file>
<file><id>file554</id><name><![CDATA[danzig - son of the morning star.mp3]]></name><size>4.64mb</size><type>MP3 Format Sound</type><lastmod>06/05/02 04:42:02 PM</lastmod></file>
<file><id>file555</id><name><![CDATA[danzig - soul on fire.mp3]]></name><size>4.23mb</size><type>MP3 Format Sound</type><lastmod>06/05/02 03:00:46 PM</lastmod></file>
<file><id>file556</id><name><![CDATA[danzig - stalker song.mp3]]></name><size>6.65mb</size><type>MP3 Format Sound</type><lastmod>06/05/02 04:49:53 PM</lastmod></file>
<file><id>file557</id><name><![CDATA[danzig - The Coldest Sun.mp3]]></name><size>5.48mb</size><type>MP3 Format Sound</type><lastmod>06/05/02 04:03:41 PM</lastmod></file>
<file><id>file558</id><name><![CDATA[danzig - The Crow- Salvation soundtrack.mp3]]></name><size>3.77mb</size><type>MP3 Format Sound</type><lastmod>06/05/02 04:42:40 PM</lastmod></file>
<file><id>file559</id><name><![CDATA[danzig - the hunter.mp3]]></name><size>3.23mb</size><type>MP3 Format Sound</type><lastmod>06/05/02 02:59:33 PM</lastmod></file>
<file><id>file560</id><name><![CDATA[danzig - the violet fire.mp3]]></name><size>4.56mb</size><type>MP3 Format Sound</type><lastmod>06/05/02 04:23:28 PM</lastmod></file>
<file><id>file561</id><name><![CDATA[danzig - thirteen.mp3]]></name><size>3.92mb</size><type>MP3 Format Sound</type><lastmod>06/05/02 03:16:42 PM</lastmod></file>
<file><id>file562</id><name><![CDATA[danzig - tired of being alive.mp3]]></name><size>4.65mb</size><type>MP3 Format Sound</type><lastmod>06/05/02 02:58:35 PM</lastmod></file>
<file><id>file563</id><name><![CDATA[danzig - trouble.mp3]]></name><size>3.10mb</size><type>MP3 Format Sound</type><lastmod>06/05/02 04:18:17 PM</lastmod></file>
<file><id>file564</id><name><![CDATA[danzig - twist of caine.mp3]]></name><size>4.93mb</size><type>MP3 Format Sound</type><lastmod>06/05/02 03:59:32 PM</lastmod></file>
<file><id>file565</id><name><![CDATA[danzig - underbelly of the beast.mp3]]></name><size>5.69mb</size><type>MP3 Format Sound</type><lastmod>06/05/02 05:01:41 PM</lastmod></file>
<file><id>file566</id><name><![CDATA[danzig - Unendlich.mp3]]></name><size>2.54mb</size><type>MP3 Format Sound</type><lastmod>06/05/02 04:42:23 PM</lastmod></file>
<file><id>file567</id><name><![CDATA[danzig - unspeakable.mp3]]></name><size>5.30mb</size><type>MP3 Format Sound</type><lastmod>06/05/02 03:37:21 PM</lastmod></file>
<file><id>file568</id><name><![CDATA[danzig - until you call on the dark.mp3]]></name><size>4.04mb</size><type>MP3 Format Sound</type><lastmod>06/05/02 03:20:38 PM</lastmod></file>
<file><id>file569</id><name><![CDATA[danzig - when death had no name.mp3]]></name><size>4.88mb</size><type>MP3 Format Sound</type><lastmod>06/05/02 04:44:59 PM</lastmod></file>
<file><id>file570</id><name><![CDATA[danzig - when the dying calls.mp3]]></name><size>3.23mb</size><type>MP3 Format Sound</type><lastmod>06/05/02 03:59:02 PM</lastmod></file>
<file><id>file571</id><name><![CDATA[danzig - Wicked Pussycat.mp3]]></name><size>3.74mb</size><type>MP3 Format Sound</type><lastmod>06/05/02 03:25:11 PM</lastmod></file>
<file><id>file572</id><name><![CDATA[danzig - Without Light I Am.mp3]]></name><size>7.57mb</size><type>MP3 Format Sound</type><lastmod>06/05/02 04:38:13 PM</lastmod></file>
</subfolder>
</subfolders>
<subfolders>
<subfolder path="C:\MP3\Dirty Vegas"><subs>0</subs><id>56</id><name><![CDATA[Dirty Vegas]]></name><size>79.33mb</size>
<subfolders>
</subfolders>
<file><id>file573</id><name><![CDATA[Dirty Vegas - 7 AM.mp3]]></name><size>5.69mb</size><type>MP3 Format Sound</type><lastmod>06/04/02 10:30:26 PM</lastmod></file>
<file><id>file574</id><name><![CDATA[Dirty Vegas - Alive.mp3]]></name><size>4.60mb</size><type>MP3 Format Sound</type><lastmod>06/04/02 10:09:37 PM</lastmod></file>
<file><id>file575</id><name><![CDATA[Dirty Vegas - All Or Nothing.mp3]]></name><size>6.77mb</size><type>MP3 Format Sound</type><lastmod>06/04/02 10:08:37 PM</lastmod></file>
<file><id>file576</id><name><![CDATA[Dirty Vegas - Candles.mp3]]></name><size>2.94mb</size><type>MP3 Format Sound</type><lastmod>06/04/02 10:19:29 PM</lastmod></file>
<file><id>file577</id><name><![CDATA[Dirty Vegas - Days go by.mp3]]></name><size>4.67mb</size><type>MP3 Format Sound</type><lastmod>06/04/02 10:19:44 PM</lastmod></file>
<file><id>file578</id><name><![CDATA[Dirty Vegas - ghosts.mp3]]></name><size>7.99mb</size><type>MP3 Format Sound</type><lastmod>06/05/02 12:05:45 AM</lastmod></file>
<file><id>file579</id><name><![CDATA[Dirty Vegas - Lost Not Found.mp3]]></name><size>3.75mb</size><type>MP3 Format Sound</type><lastmod>06/05/02 12:20:27 AM</lastmod></file>
<file><id>file580</id><name><![CDATA[Dirty Vegas - Simple Things.mp3]]></name><size>9.25mb</size><type>MP3 Format Sound</type><lastmod>06/04/02 10:11:25 PM</lastmod></file>
<file><id>file581</id><name><![CDATA[Dirty Vegas - The Brazilian.mp3]]></name><size>12.00mb</size><type>MP3 Format Sound</type><lastmod>06/04/02 10:14:40 PM</lastmod></file>
<file><id>file582</id><name><![CDATA[Dirty Vegas - Throwing Shapes.mp3]]></name><size>12.33mb</size><type>MP3 Format Sound</type><lastmod>06/04/02 10:29:25 PM</lastmod></file>
<file><id>file583</id><name><![CDATA[NEW-Dirty Vegas - days go by (remix).mp3]]></name><size>9.33mb</size><type>MP3 Format Sound</type><lastmod>06/04/02 10:15:31 PM</lastmod></file>
</subfolder>
</subfolders>
<subfolders>
<subfolder path="C:\MP3\Drowning Pool"><subs>0</subs><id>57</id><name><![CDATA[Drowning Pool]]></name><size>39.90mb</size>
<subfolders>
</subfolders>
<file><id>file584</id><name><![CDATA[04 - All Over Me.mp3]]></name><size>2.94mb</size><type>MP3 Format Sound</type><lastmod>06/06/02 01:05:49 PM</lastmod></file>
<file><id>file585</id><name><![CDATA[06 - Pity.mp3]]></name><size>2.63mb</size><type>MP3 Format Sound</type><lastmod>06/06/02 12:56:26 PM</lastmod></file>
<file><id>file586</id><name><![CDATA[07 - Mute.mp3]]></name><size>3.05mb</size><type>MP3 Format Sound</type><lastmod>06/06/02 01:04:52 PM</lastmod></file>
<file><id>file587</id><name><![CDATA[08 - I Am.mp3]]></name><size>3.85mb</size><type>MP3 Format Sound</type><lastmod>06/06/02 01:12:12 PM</lastmod></file>
<file><id>file588</id><name><![CDATA[09 - Follow.mp3]]></name><size>3.30mb</size><type>MP3 Format Sound</type><lastmod>06/06/02 12:59:32 PM</lastmod></file>
<file><id>file589</id><name><![CDATA[drowning pool - bodies.mp3]]></name><size>3.45mb</size><type>MP3 Format Sound</type><lastmod>06/06/02 12:45:01 PM</lastmod></file>
<file><id>file590</id><name><![CDATA[Drowning Pool - Reminded.mp3]]></name><size>3.11mb</size><type>MP3 Format Sound</type><lastmod>06/06/02 01:02:06 PM</lastmod></file>
<file><id>file591</id><name><![CDATA[Drowning Pool - Sinner.mp3]]></name><size>2.25mb</size><type>MP3 Format Sound</type><lastmod>06/06/02 12:54:41 PM</lastmod></file>
<file><id>file592</id><name><![CDATA[Drowning Pool - Told You So.mp3]]></name><size>3.79mb</size><type>MP3 Format Sound</type><lastmod>06/06/02 05:20:28 PM</lastmod></file>
<file><id>file593</id><name><![CDATA[Sermon.MP3]]></name><size>1.72mb</size><type>MP3 Format Sound</type><lastmod>06/06/02 05:26:46 PM</lastmod></file>
<file><id>file594</id><name><![CDATA[Tear Away .mp3]]></name><size>3.16mb</size><type>MP3 Format Sound</type><lastmod>06/06/02 12:54:12 PM</lastmod></file>
<file><id>file595</id><name><![CDATA[WWF Forceable Entry - Drowning Pool - The Game.mp3]]></name><size>3.18mb</size><type>MP3 Format Sound</type><lastmod>06/06/02 12:57:51 PM</lastmod></file>
<file><id>file596</id><name><![CDATA[[Drowning Pool]  Bodies.mp3]]></name><size>3.45mb</size><type>MP3 Format Sound</type><lastmod>06/06/02 01:27:16 PM</lastmod></file>
</subfolder>
</subfolders>
<subfolders>
<subfolder path="C:\MP3\Eminem - The Eminem Show"><subs>0</subs><id>58</id><name><![CDATA[Eminem - The Eminem Show]]></name><size>100.61mb</size>
<subfolders>
</subfolders>
<file><id>file597</id><name><![CDATA[01_Eminem - #WareZRockZ_The Eminem Show_Curtains up.mp3]]></name><size>701.92kb</size><type>MP3 Format Sound</type><lastmod>05/17/02 01:33:59 PM</lastmod></file>
<file><id>file598</id><name><![CDATA[02_Eminem - #WareZRockZ_The Eminem Show_White America.mp3]]></name><size>7.43mb</size><type>MP3 Format Sound</type><lastmod>05/17/02 01:33:59 PM</lastmod></file>
<file><id>file599</id><name><![CDATA[03_Eminem - #WareZRockZ_The Eminem Show_Business.mp3]]></name><size>5.76mb</size><type>MP3 Format Sound</type><lastmod>05/17/02 01:33:59 PM</lastmod></file>
<file><id>file600</id><name><![CDATA[04_Eminem - #WareZRockZ_The Eminem Show_Cleanin Out My Closet.mp3]]></name><size>6.82mb</size><type>MP3 Format Sound</type><lastmod>05/17/02 01:33:59 PM</lastmod></file>
<file><id>file601</id><name><![CDATA[05_Eminem - #WareZRockZ_The Eminem Show_Square Dance.mp3]]></name><size>7.41mb</size><type>MP3 Format Sound</type><lastmod>05/17/02 01:33:59 PM</lastmod></file>
<file><id>file602</id><name><![CDATA[06_Eminem - #WareZRockZ_The Eminem Show_The Kiss.mp3]]></name><size>1.74mb</size><type>MP3 Format Sound</type><lastmod>05/17/02 01:33:59 PM</lastmod></file>
<file><id>file603</id><name><![CDATA[07_Eminem - #WareZRockZ_The Eminem Show_Soldier.mp3]]></name><size>5.18mb</size><type>MP3 Format Sound</type><lastmod>05/17/02 01:33:59 PM</lastmod></file>
<file><id>file604</id><name><![CDATA[08_Eminem - #WareZRockZ_The Eminem Show_Say Goodbye Hollywood.mp3]]></name><size>6.25mb</size><type>MP3 Format Sound</type><lastmod>05/17/02 01:33:59 PM</lastmod></file>
<file><id>file605</id><name><![CDATA[09_Eminem - #WareZRockZ_The Eminem Show_Drips.mp3]]></name><size>6.54mb</size><type>MP3 Format Sound</type><lastmod>05/17/02 01:34:07 PM</lastmod></file>
<file><id>file606</id><name><![CDATA[10_Eminem - #WareZRockZ_The Eminem Show_Without Me.mp3]]></name><size>6.73mb</size><type>MP3 Format Sound</type><lastmod>05/17/02 01:34:02 PM</lastmod></file>
<file><id>file607</id><name><![CDATA[11_Eminem - #WareZRockZ_The Eminem Show_Paul Rosenberg.mp3]]></name><size>536.00kb</size><type>MP3 Format Sound</type><lastmod>05/17/02 01:34:02 PM</lastmod></file>
<file><id>file608</id><name><![CDATA[12_Eminem - #WareZRockZ_The Eminem Show_Sing For The Moment.mp3]]></name><size>7.77mb</size><type>MP3 Format Sound</type><lastmod>05/17/02 01:34:02 PM</lastmod></file>
<file><id>file609</id><name><![CDATA[13_Eminem - #WareZRockZ_The Eminem Show_Superman.mp3]]></name><size>8.02mb</size><type>MP3 Format Sound</type><lastmod>05/17/02 01:34:02 PM</lastmod></file>
<file><id>file610</id><name><![CDATA[14_Eminem - #WareZRockZ_The Eminem Show_Hailies Song.mp3]]></name><size>7.34mb</size><type>MP3 Format Sound</type><lastmod>05/17/02 01:34:40 PM</lastmod></file>
<file><id>file611</id><name><![CDATA[15_Eminem - #WareZRockZ_The Eminem Show_Steve Berman.mp3]]></name><size>779.06kb</size><type>MP3 Format Sound</type><lastmod>05/17/02 01:34:03 PM</lastmod></file>
<file><id>file612</id><name><![CDATA[16_Eminem - #WareZRockZ_The Eminem Show_When The Music Stops.mp3]]></name><size>6.16mb</size><type>MP3 Format Sound</type><lastmod>05/17/02 01:34:03 PM</lastmod></file>
<file><id>file613</id><name><![CDATA[17_Eminem - #WareZRockZ_The Eminem Show_what you say.mp3]]></name><size>7.14mb</size><type>MP3 Format Sound</type><lastmod>05/17/02 01:34:03 PM</lastmod></file>
<file><id>file614</id><name><![CDATA[18_Eminem - #WareZRockz_The Eminem Show_'Till I Collapse.mp3]]></name><size>825.13kb</size><type>MP3 Format Sound</type><lastmod>05/17/02 01:34:03 PM</lastmod></file>
<file><id>file615</id><name><![CDATA[19_Eminem - #WareZRockZ_The Eminem Show_My Dads Gone Crazy.mp3]]></name><size>6.11mb</size><type>MP3 Format Sound</type><lastmod>05/17/02 01:34:03 PM</lastmod></file>
<file><id>file616</id><name><![CDATA[20_Eminem - #WareZRockZ_The Eminem Show_Curtains Close.mp3]]></name><size>1.42mb</size><type>MP3 Format Sound</type><lastmod>05/17/02 01:34:03 PM</lastmod></file>
</subfolder>
</subfolders>
<subfolders>
<subfolder path="C:\MP3\Five Pointe O"><subs>1</subs><id>59</id><name><![CDATA[Five Pointe O]]></name><size>48.20mb</size>
<subfolders>
<subfolder path="C:\MP3\Five Pointe O\Untitled"><subs>0</subs><id>60</id><name><![CDATA[Untitled]]></name><size>48.20mb</size>
<subfolders>
</subfolders>
<file><id>file617</id><name><![CDATA[01_Five Point O_Untitled_Double X Minus.mp3]]></name><size>3.09mb</size><type>MP3 Format Sound</type><lastmod>06/29/02 06:53:17 PM</lastmod></file>
<file><id>file618</id><name><![CDATA[02_Five Point O_Untitled_King of the Hill.mp3]]></name><size>4.62mb</size><type>MP3 Format Sound</type><lastmod>06/29/02 06:54:04 PM</lastmod></file>
<file><id>file619</id><name><![CDATA[03_Five Point O_Untitled_Art of Cope.mp3]]></name><size>2.94mb</size><type>MP3 Format Sound</type><lastmod>06/29/02 06:54:27 PM</lastmod></file>
<file><id>file620</id><name><![CDATA[04_Five Point O_Untitled_Purity O1.mp3]]></name><size>3.85mb</size><type>MP3 Format Sound</type><lastmod>06/29/02 06:54:58 PM</lastmod></file>
<file><id>file621</id><name><![CDATA[05_Five Point O_Untitled_Freedom.mp3]]></name><size>4.25mb</size><type>MP3 Format Sound</type><lastmod>06/29/02 06:55:33 PM</lastmod></file>
<file><id>file622</id><name><![CDATA[06_Five Point O_Untitled_Sympathetic Climate Control.mp3]]></name><size>4.83mb</size><type>MP3 Format Sound</type><lastmod>06/29/02 06:56:11 PM</lastmod></file>
<file><id>file623</id><name><![CDATA[07_Five Point O_Untitled_Untitled.mp3]]></name><size>3.53mb</size><type>MP3 Format Sound</type><lastmod>06/29/02 06:56:40 PM</lastmod></file>
<file><id>file624</id><name><![CDATA[08_Five Point O_Untitled_Syndrome Down.mp3]]></name><size>3.69mb</size><type>MP3 Format Sound</type><lastmod>06/29/02 06:57:09 PM</lastmod></file>
<file><id>file625</id><name><![CDATA[09_Five Point O_Untitled_Breathe Machine.mp3]]></name><size>2.54mb</size><type>MP3 Format Sound</type><lastmod>06/29/02 06:57:30 PM</lastmod></file>
<file><id>file626</id><name><![CDATA[10_Five Point O_Untitled_The Infinity.mp3]]></name><size>4.06mb</size><type>MP3 Format Sound</type><lastmod>06/29/02 06:58:02 PM</lastmod></file>
<file><id>file627</id><name><![CDATA[11_Five Point O_Untitled_Aspire, Inspire.mp3]]></name><size>10.80mb</size><type>MP3 Format Sound</type><lastmod>06/29/02 06:59:29 PM</lastmod></file>
</subfolder>
</subfolders>
</subfolder>
</subfolders>
<subfolders>
<subfolder path="C:\MP3\Kittie"><subs>0</subs><id>61</id><name><![CDATA[Kittie]]></name><size>53.31mb</size>
<subfolders>
</subfolders>
<file><id>file628</id><name><![CDATA[kittie_-_in_winter.mp3]]></name><size>6.92mb</size><type>MP3 Format Sound</type><lastmod>06/17/02 04:59:18 PM</lastmod></file>
<file><id>file629</id><name><![CDATA[kittie_-_mouthful_of_poison.mp3]]></name><size>2.71mb</size><type>MP3 Format Sound</type><lastmod>06/17/02 05:01:36 PM</lastmod></file>
<file><id>file630</id><name><![CDATA[kittie_-_no_name.mp3]]></name><size>2.04mb</size><type>MP3 Format Sound</type><lastmod>06/17/02 05:02:55 PM</lastmod></file>
<file><id>file631</id><name><![CDATA[kittie_-_oracle.mp3]]></name><size>3.40mb</size><type>MP3 Format Sound</type><lastmod>06/17/02 05:14:13 PM</lastmod></file>
<file><id>file632</id><name><![CDATA[kittie_-_pain.mp3]]></name><size>3.20mb</size><type>MP3 Format Sound</type><lastmod>06/17/02 05:12:00 PM</lastmod></file>
<file><id>file633</id><name><![CDATA[kittie_-_pink_lemonade.mp3]]></name><size>14.63mb</size><type>MP3 Format Sound</type><lastmod>06/17/02 05:23:40 PM</lastmod></file>
<file><id>file634</id><name><![CDATA[kittie_-_run_like_hell.mp3]]></name><size>1.89mb</size><type>MP3 Format Sound</type><lastmod>06/17/02 05:51:45 PM</lastmod></file>
<file><id>file635</id><name><![CDATA[kittie_-_safe.mp3]]></name><size>5.79mb</size><type>MP3 Format Sound</type><lastmod>06/17/02 05:58:30 PM</lastmod></file>
<file><id>file636</id><name><![CDATA[kittie_-_severed.mp3]]></name><size>4.59mb</size><type>MP3 Format Sound</type><lastmod>06/17/02 05:56:53 PM</lastmod></file>
<file><id>file637</id><name><![CDATA[kittie_-_what_i_always_wanted.mp3]]></name><size>3.40mb</size><type>MP3 Format Sound</type><lastmod>06/17/02 04:51:03 PM</lastmod></file>
<file><id>file638</id><name><![CDATA[kittie_-_wolves.mp3]]></name><size>4.73mb</size><type>MP3 Format Sound</type><lastmod>06/17/02 06:02:07 PM</lastmod></file>
</subfolder>
</subfolders>
<subfolders>
<subfolder path="C:\MP3\Korn - Untouchables"><subs>0</subs><id>62</id><name><![CDATA[Korn - Untouchables]]></name><size>88.71mb</size>
<subfolders>
</subfolders>
<file><id>file639</id><name><![CDATA[01_Korn_Untouchables_From Your Heart.mp3]]></name><size>5.35mb</size><type>MP3 Format Sound</type><lastmod>04/29/02 04:24:34 PM</lastmod></file>
<file><id>file640</id><name><![CDATA[02_Korn_Untouchables_Chasing Me.mp3]]></name><size>6.46mb</size><type>MP3 Format Sound</type><lastmod>04/29/02 04:24:34 PM</lastmod></file>
<file><id>file641</id><name><![CDATA[03_Korn_Untouchables_Full Of Sorrow.mp3]]></name><size>5.61mb</size><type>MP3 Format Sound</type><lastmod>04/29/02 04:24:34 PM</lastmod></file>
<file><id>file642</id><name><![CDATA[04_Korn_Untouchables_Tear Me Down.mp3]]></name><size>6.29mb</size><type>MP3 Format Sound</type><lastmod>04/29/02 04:24:34 PM</lastmod></file>
<file><id>file643</id><name><![CDATA[05_Korn_Untouchables_In Place.mp3]]></name><size>6.61mb</size><type>MP3 Format Sound</type><lastmod>04/29/02 04:24:34 PM</lastmod></file>
<file><id>file644</id><name><![CDATA[06_Korn_Untouchables_I Want To Be Gone.mp3]]></name><size>6.25mb</size><type>MP3 Format Sound</type><lastmod>04/29/02 04:24:34 PM</lastmod></file>
<file><id>file645</id><name><![CDATA[07_Korn_Untouchables_Here To Stay.mp3]]></name><size>5.15mb</size><type>MP3 Format Sound</type><lastmod>04/29/02 04:24:35 PM</lastmod></file>
<file><id>file646</id><name><![CDATA[08_Korn_Untouchables_Falling Through Time.mp3]]></name><size>5.71mb</size><type>MP3 Format Sound</type><lastmod>04/29/02 04:24:35 PM</lastmod></file>
<file><id>file647</id><name><![CDATA[09_Korn_Untouchables_All My Hate.mp3]]></name><size>4.75mb</size><type>MP3 Format Sound</type><lastmod>04/29/02 04:24:35 PM</lastmod></file>
<file><id>file648</id><name><![CDATA[10_Korn_Untouchables_Leave This Place.mp3]]></name><size>6.92mb</size><type>MP3 Format Sound</type><lastmod>04/29/02 04:24:35 PM</lastmod></file>
<file><id>file649</id><name><![CDATA[11_Korn_Untouchables_Corners Of My Mind.mp3]]></name><size>6.55mb</size><type>MP3 Format Sound</type><lastmod>04/29/02 04:24:35 PM</lastmod></file>
<file><id>file650</id><name><![CDATA[12_Korn_Untouchables_Help Me Stay Alive.mp3]]></name><size>6.04mb</size><type>MP3 Format Sound</type><lastmod>04/29/02 04:24:35 PM</lastmod></file>
<file><id>file651</id><name><![CDATA[13_Korn_Untouchables_Make It Go Away.mp3]]></name><size>5.91mb</size><type>MP3 Format Sound</type><lastmod>04/29/02 04:24:35 PM</lastmod></file>
<file><id>file652</id><name><![CDATA[14_Korn_Untouchables_Every Thing That I Could Find.mp3]]></name><size>7.13mb</size><type>MP3 Format Sound</type><lastmod>04/29/02 04:24:35 PM</lastmod></file>
<file><id>file653</id><name><![CDATA[Korn - Here To Stay (Remix).mp3]]></name><size>3.97mb</size><type>MP3 Format Sound</type><lastmod>06/20/02 05:23:12 PM</lastmod></file>
</subfolder>
</subfolders>
<subfolders>
<subfolder path="C:\MP3\Methods Of Mayhem"><subs>0</subs><id>63</id><name><![CDATA[Methods Of Mayhem]]></name><size>45.42mb</size>
<subfolders>
</subfolders>
<file><id>file654</id><name><![CDATA[methods of mayhem - Angar Management.mp3]]></name><size>2.96mb</size><type>MP3 Format Sound</type><lastmod>05/17/02 01:55:45 PM</lastmod></file>
<file><id>file655</id><name><![CDATA[methods of mayhem - Crash (Gran Turismo 3 Soundtrack).mp3]]></name><size>3.07mb</size><type>MP3 Format Sound</type><lastmod>05/17/02 02:01:58 PM</lastmod></file>
<file><id>file656</id><name><![CDATA[methods of mayhem - Get Naked (Filthy Version).mp3]]></name><size>4.57mb</size><type>MP3 Format Sound</type><lastmod>05/17/02 05:01:27 PM</lastmod></file>
<file><id>file657</id><name><![CDATA[methods of mayhem - going to fast.mp3]]></name><size>3.08mb</size><type>MP3 Format Sound</type><lastmod>05/17/02 05:02:49 PM</lastmod></file>
<file><id>file658</id><name><![CDATA[methods of mayhem - Hypocritical (Rage Against The Remix).mp3]]></name><size>3.86mb</size><type>MP3 Format Sound</type><lastmod>05/17/02 01:54:30 PM</lastmod></file>
<file><id>file659</id><name><![CDATA[methods of mayhem - MoM metamorphosis!.mp3]]></name><size>4.27mb</size><type>MP3 Format Sound</type><lastmod>05/17/02 02:08:08 PM</lastmod></file>
<file><id>file660</id><name><![CDATA[methods of mayhem - Mr. Onsomeothershits (feat. U-God).mp3]]></name><size>605.31kb</size><type>MP3 Format Sound</type><lastmod>05/17/02 02:29:24 PM</lastmod></file>
<file><id>file661</id><name><![CDATA[methods of mayhem - Narcotic (Feat Scott Kirkland).mp3]]></name><size>2.88mb</size><type>MP3 Format Sound</type><lastmod>05/17/02 02:25:58 PM</lastmod></file>
<file><id>file662</id><name><![CDATA[methods of mayhem - New Skin (with Kid Rock).mp3]]></name><size>4.17mb</size><type>MP3 Format Sound</type><lastmod>05/17/02 02:00:12 PM</lastmod></file>
<file><id>file663</id><name><![CDATA[methods of mayhem - planet boom.mp3]]></name><size>3.62mb</size><type>MP3 Format Sound</type><lastmod>05/17/02 05:01:13 PM</lastmod></file>
<file><id>file664</id><name><![CDATA[methods of mayhem - Propostition Fuck You.mp3]]></name><size>2.21mb</size><type>MP3 Format Sound</type><lastmod>05/17/02 02:01:23 PM</lastmod></file>
<file><id>file665</id><name><![CDATA[methods of mayhem - Spun (feat. Scott Kirkland).mp3]]></name><size>2.31mb</size><type>MP3 Format Sound</type><lastmod>05/17/02 02:05:40 PM</lastmod></file>
<file><id>file666</id><name><![CDATA[Methods of Mayhem with Snoop Dog - Who the Hell Cares.mp3]]></name><size>3.23mb</size><type>MP3 Format Sound</type><lastmod>05/17/02 01:41:07 PM</lastmod></file>
<file><id>file667</id><name><![CDATA[METHODS OF MAYHEM, TOMMY LEE, FRED DURST, LiL' KiM, CRYSTAL METHOD. GEORGE CLiNTON - GET NAKED.mp3]]></name><size>4.61mb</size><type>MP3 Format Sound</type><lastmod>05/17/02 01:50:16 PM</lastmod></file>
</subfolder>
</subfolders>
<subfolders>
<subfolder path="C:\MP3\Misc"><subs>0</subs><id>64</id><name><![CDATA[Misc]]></name><size>41.72mb</size>
<subfolders>
</subfolders>
<file><id>file668</id><name><![CDATA[Dave Navaro- Rexall (1).mp3]]></name><size>3.40mb</size><type>MP3 Format Sound</type><lastmod>06/06/02 01:15:19 PM</lastmod></file>
<file><id>file669</id><name><![CDATA[drown_-_kerosene.mp3]]></name><size>4.18mb</size><type>MP3 Format Sound</type><lastmod>06/20/02 04:13:46 PM</lastmod></file>
<file><id>file670</id><name><![CDATA[earshot_-_get_away.mp3]]></name><size>3.64mb</size><type>MP3 Format Sound</type><lastmod>06/20/02 04:16:20 PM</lastmod></file>
<file><id>file671</id><name><![CDATA[fear_factory_-_01_-_shock.mp3]]></name><size>6.82mb</size><type>MP3 Format Sound</type><lastmod>06/17/02 02:11:45 PM</lastmod></file>
<file><id>file672</id><name><![CDATA[for_whom_the_bell_tolls.mid]]></name><size>31.02kb</size><type>MIDI Sequence</type><lastmod>06/17/02 01:48:13 PM</lastmod></file>
<file><id>file673</id><name><![CDATA[killswitch_engage_life_to_lifeless.mp3]]></name><size>4.51mb</size><type>MP3 Format Sound</type><lastmod>06/30/02 01:53:56 PM</lastmod></file>
<file><id>file674</id><name><![CDATA[king missile - detachable penis.mp3]]></name><size>2.67mb</size><type>MP3 Format Sound</type><lastmod>05/19/02 04:13:41 PM</lastmod></file>
<file><id>file675</id><name><![CDATA[pantera - proud to be loud.mp3]]></name><size>3.71mb</size><type>MP3 Format Sound</type><lastmod>05/19/02 04:19:55 PM</lastmod></file>
<file><id>file676</id><name><![CDATA[R Ween - Push Th' Little Daisies.mp3]]></name><size>2.63mb</size><type>MP3 Format Sound</type><lastmod>05/19/02 04:17:20 PM</lastmod></file>
<file><id>file677</id><name><![CDATA[soulfly_-_jump_da_fuck_up.mp3]]></name><size>4.75mb</size><type>MP3 Format Sound</type><lastmod>06/17/02 04:35:59 PM</lastmod></file>
<file><id>file678</id><name><![CDATA[soundgarden - jesus christ pose.mp3]]></name><size>5.35mb</size><type>MP3 Format Sound</type><lastmod>05/19/02 04:20:15 PM</lastmod></file>
</subfolder>
</subfolders>
<subfolders>
<subfolder path="C:\MP3\Mr Bungle"><subs>1</subs><id>65</id><name><![CDATA[Mr Bungle]]></name><size>39.90mb</size>
<subfolders>
<subfolder path="C:\MP3\Mr Bungle\California"><subs>0</subs><id>66</id><name><![CDATA[California]]></name><size>39.90mb</size>
<subfolders>
</subfolders>
<file><id>file679</id><name><![CDATA[08 - Mr. Bungle - The Holy Filament.mp3]]></name><size>3.72mb</size><type>MP3 Format Sound</type><lastmod>06/29/02 08:38:59 PM</lastmod></file>
<file><id>file680</id><name><![CDATA[mr bungle - pink cigarette.mp3]]></name><size>4.51mb</size><type>MP3 Format Sound</type><lastmod>06/29/02 08:27:09 PM</lastmod></file>
<file><id>file681</id><name><![CDATA[mr bungle - retrovertigo.mp3]]></name><size>4.57mb</size><type>MP3 Format Sound</type><lastmod>06/29/02 08:46:33 PM</lastmod></file>
<file><id>file682</id><name><![CDATA[mr bungle - sweet charity.mp3]]></name><size>4.67mb</size><type>MP3 Format Sound</type><lastmod>06/29/02 08:54:48 PM</lastmod></file>
<file><id>file683</id><name><![CDATA[Mr Bungle - The Air-Conditioned Nightmare.mp3]]></name><size>3.65mb</size><type>MP3 Format Sound</type><lastmod>06/29/02 08:27:02 PM</lastmod></file>
<file><id>file684</id><name><![CDATA[mr bungle -05- ars moriendi.mp3]]></name><size>3.82mb</size><type>MP3 Format Sound</type><lastmod>06/29/02 08:23:03 PM</lastmod></file>
<file><id>file685</id><name><![CDATA[Mr. Bungle - California - 09 - Vanity Fair.mp3]]></name><size>2.03mb</size><type>MP3 Format Sound</type><lastmod>06/29/02 08:23:35 PM</lastmod></file>
<file><id>file686</id><name><![CDATA[Mr. Bungle - Golem II- The Bionic Vapour Boy.mp3]]></name><size>3.28mb</size><type>MP3 Format Sound</type><lastmod>06/29/02 08:22:35 PM</lastmod></file>
<file><id>file687</id><name><![CDATA[Mr. Bungle - Goodbye Sober Day.mp3]]></name><size>4.08mb</size><type>MP3 Format Sound</type><lastmod>06/29/02 08:26:47 PM</lastmod></file>
<file><id>file688</id><name><![CDATA[None Of Them Knew They Were Robots.mp3]]></name><size>5.55mb</size><type>MP3 Format Sound</type><lastmod>06/29/02 08:44:45 PM</lastmod></file>
</subfolder>
</subfolders>
</subfolder>
</subfolders>
<subfolders>
<subfolder path="C:\MP3\Nelly"><subs>1</subs><id>67</id><name><![CDATA[Nelly]]></name><size>79.48mb</size>
<subfolders>
<subfolder path="C:\MP3\Nelly\Nellyville"><subs>0</subs><id>68</id><name><![CDATA[Nellyville]]></name><size>79.48mb</size>
<subfolders>
</subfolders>
<file><id>file689</id><name><![CDATA[02. Gettin' It Started.mp3]]></name><size>2.13mb</size><type>MP3 Format Sound</type><lastmod>06/19/02 09:53:06 PM</lastmod></file>
<file><id>file690</id><name><![CDATA[09-Nelly_-_On_The_Grind_Ft_King_Jacob.mp3]]></name><size>4.36mb</size><type>MP3 Format Sound</type><lastmod>06/19/02 10:05:13 PM</lastmod></file>
<file><id>file691</id><name><![CDATA[Nelly - 05 - Oh Nelly - simplemp3s.mp3]]></name><size>4.64mb</size><type>MP3 Format Sound</type><lastmod>06/19/02 09:52:16 PM</lastmod></file>
<file><id>file692</id><name><![CDATA[Nelly - 07 - Air Force Ones - simplemp3s.mp3]]></name><size>5.80mb</size><type>MP3 Format Sound</type><lastmod>06/19/02 10:03:44 PM</lastmod></file>
<file><id>file693</id><name><![CDATA[Nelly - 08 - In The Store Ft Cedric The Ent - simplemp3s.mp3]]></name><size>1.91mb</size><type>MP3 Format Sound</type><lastmod>06/19/02 09:55:04 PM</lastmod></file>
<file><id>file694</id><name><![CDATA[Nelly - 10 - Dilemma Ft Kelly Rowland - simplemp3s.mp3]]></name><size>5.52mb</size><type>MP3 Format Sound</type><lastmod>06/19/02 09:59:28 PM</lastmod></file>
<file><id>file695</id><name><![CDATA[Nelly - 11 - Splurge - simplemp3s.mp3]]></name><size>5.90mb</size><type>MP3 Format Sound</type><lastmod>06/19/02 10:07:17 PM</lastmod></file>
<file><id>file696</id><name><![CDATA[Nelly - 12 - Work It Ft Justin Timberlake - simplemp3s.mp3]]></name><size>5.01mb</size><type>MP3 Format Sound</type><lastmod>06/19/02 10:20:09 PM</lastmod></file>
<file><id>file697</id><name><![CDATA[Nelly - 13 - Roc The Mic (Remix) Ft Freeway - simplemp3s.mp3]]></name><size>4.92mb</size><type>MP3 Format Sound</type><lastmod>06/19/02 10:00:18 PM</lastmod></file>
<file><id>file698</id><name><![CDATA[Nelly - 14 - The Gank - simplemp3s.mp3]]></name><size>5.51mb</size><type>MP3 Format Sound</type><lastmod>06/19/02 10:08:31 PM</lastmod></file>
<file><id>file699</id><name><![CDATA[Nelly - 15 - 5000 - simplemp3s.mp3]]></name><size>2.51mb</size><type>MP3 Format Sound</type><lastmod>06/19/02 10:12:27 PM</lastmod></file>
<file><id>file700</id><name><![CDATA[Nelly - 17 - CG2 - simplemp3s.mp3]]></name><size>5.20mb</size><type>MP3 Format Sound</type><lastmod>06/19/02 10:10:12 PM</lastmod></file>
<file><id>file701</id><name><![CDATA[Nelly - 18 - Say Now - simplemp3s.mp3]]></name><size>6.53mb</size><type>MP3 Format Sound</type><lastmod>06/19/02 10:08:51 PM</lastmod></file>
<file><id>file702</id><name><![CDATA[Nelly - 19 - Fuck It Then Ft Cedric The Ent - simplemp3s.mp3]]></name><size>1.88mb</size><type>MP3 Format Sound</type><lastmod>06/19/02 10:00:47 PM</lastmod></file>
<file><id>file703</id><name><![CDATA[Nelly - Hot in Herre (The real hot in here).mp3]]></name><size>2.19mb</size><type>MP3 Format Sound</type><lastmod>06/19/02 09:49:27 PM</lastmod></file>
<file><id>file704</id><name><![CDATA[Nelly - nellyville - Dem Boys-rns.mp3]]></name><size>5.41mb</size><type>MP3 Format Sound</type><lastmod>06/19/02 09:55:12 PM</lastmod></file>
<file><id>file705</id><name><![CDATA[nelly - Nellyville.mp3]]></name><size>2.64mb</size><type>MP3 Format Sound</type><lastmod>06/19/02 10:19:04 PM</lastmod></file>
<file><id>file706</id><name><![CDATA[Nelly Pimp Juice.mp3]]></name><size>3.41mb</size><type>MP3 Format Sound</type><lastmod>06/19/02 09:59:06 PM</lastmod></file>
<file><id>file707</id><name><![CDATA[Nelly-#1.mp3]]></name><size>4.02mb</size><type>MP3 Format Sound</type><lastmod>06/19/02 10:04:46 PM</lastmod></file>
</subfolder>
</subfolders>
</subfolder>
</subfolders>
<subfolders>
<subfolder path="C:\MP3\Papa Roach"><subs>1</subs><id>69</id><name><![CDATA[Papa Roach]]></name><size>37.53mb</size>
<subfolders>
<subfolder path="C:\MP3\Papa Roach\LoveHateTragedy"><subs>0</subs><id>70</id><name><![CDATA[LoveHateTragedy]]></name><size>37.53mb</size>
<subfolders>
</subfolders>
<file><id>file708</id><name><![CDATA[02_-_Papa Roach_-_lovehatetragedy_-_life is a bullet.mp3]]></name><size>3.75mb</size><type>MP3 Format Sound</type><lastmod>06/19/02 10:34:57 PM</lastmod></file>
<file><id>file709</id><name><![CDATA[06-papa_roach_-_born_with_nothing_die_with_nothing.mp3]]></name><size>5.25mb</size><type>MP3 Format Sound</type><lastmod>06/22/02 05:12:57 PM</lastmod></file>
<file><id>file710</id><name><![CDATA[10_-_Papa Roach_-_lovehatetragedy_-_code of energy.mp3]]></name><size>3.70mb</size><type>MP3 Format Sound</type><lastmod>06/20/02 05:12:08 AM</lastmod></file>
<file><id>file711</id><name><![CDATA[Papa Roach - Love Hate Tragedy.mp3]]></name><size>2.92mb</size><type>MP3 Format Sound</type><lastmod>06/20/02 05:03:37 AM</lastmod></file>
<file><id>file712</id><name><![CDATA[papa roach - lovehatetragedy - black clouds.mp3]]></name><size>3.69mb</size><type>MP3 Format Sound</type><lastmod>06/20/02 05:05:47 AM</lastmod></file>
<file><id>file713</id><name><![CDATA[papa roach - lovehatetragedy - decompression period.mp3]]></name><size>3.66mb</size><type>MP3 Format Sound</type><lastmod>06/19/02 11:01:16 PM</lastmod></file>
<file><id>file714</id><name><![CDATA[papa roach - lovehatetragedy - m-80 (explosive energy movement).mp3]]></name><size>2.23mb</size><type>MP3 Format Sound</type><lastmod>06/19/02 10:34:00 PM</lastmod></file>
<file><id>file715</id><name><![CDATA[papa roach - lovehatetragedy - time and time again.mp3]]></name><size>2.72mb</size><type>MP3 Format Sound</type><lastmod>06/19/02 10:48:12 PM</lastmod></file>
<file><id>file716</id><name><![CDATA[Papa Roach - She Loves Me Not.mp3]]></name><size>3.29mb</size><type>MP3 Format Sound</type><lastmod>06/19/02 10:33:36 PM</lastmod></file>
<file><id>file717</id><name><![CDATA[papa roach - Singular Indestructible Droid.mp3]]></name><size>3.49mb</size><type>MP3 Format Sound</type><lastmod>06/20/02 05:02:14 AM</lastmod></file>
<file><id>file718</id><name><![CDATA[PAPA ROACH 04 WALKING THROUGH BARBED WIRE.mp3]]></name><size>2.83mb</size><type>MP3 Format Sound</type><lastmod>06/20/02 05:17:24 AM</lastmod></file>
</subfolder>
</subfolders>
</subfolder>
</subfolders>
<subfolders>
<subfolder path="C:\MP3\Vanilla Ice"><subs>1</subs><id>71</id><name><![CDATA[Vanilla Ice]]></name><size>79.31mb</size>
<subfolders>
<subfolder path="C:\MP3\Vanilla Ice\Bi-Polar"><subs>0</subs><id>72</id><name><![CDATA[Bi-Polar]]></name><size>79.31mb</size>
<subfolders>
</subfolders>
<file><id>file719</id><name><![CDATA[vanilla ice - Anthropology 101.mp3]]></name><size>246.66kb</size><type>MP3 Format Sound</type><lastmod>06/12/02 02:34:22 PM</lastmod></file>
<file><id>file720</id><name><![CDATA[vanilla ice - Bi-Polar Vanilla Ice- Intoduction.mp3]]></name><size>128.00kb</size><type>MP3 Format Sound</type><lastmod>06/12/02 02:35:50 PM</lastmod></file>
<file><id>file721</id><name><![CDATA[vanilla ice - Crash And Burn.mp3]]></name><size>356.63kb</size><type>MP3 Format Sound</type><lastmod>06/12/02 02:33:37 PM</lastmod></file>
<file><id>file722</id><name><![CDATA[vanilla ice - Detonator.mp3]]></name><size>5.01mb</size><type>MP3 Format Sound</type><lastmod>06/12/02 03:05:50 PM</lastmod></file>
<file><id>file723</id><name><![CDATA[vanilla ice - Dirty South.mp3]]></name><size>5.10mb</size><type>MP3 Format Sound</type><lastmod>06/12/02 02:36:47 PM</lastmod></file>
<file><id>file724</id><name><![CDATA[vanilla ice - Elvis Killed Kennedy.mp3]]></name><size>3.37mb</size><type>MP3 Format Sound</type><lastmod>06/12/02 02:52:05 PM</lastmod></file>
<file><id>file725</id><name><![CDATA[vanilla ice - exhale.mp3]]></name><size>4.03mb</size><type>MP3 Format Sound</type><lastmod>06/12/02 02:23:19 PM</lastmod></file>
<file><id>file726</id><name><![CDATA[vanilla ice - Get Your Ass Up.mp3]]></name><size>3.96mb</size><type>MP3 Format Sound</type><lastmod>06/12/02 02:36:46 PM</lastmod></file>
<file><id>file727</id><name><![CDATA[vanilla ice - Hate.mp3]]></name><size>7.42mb</size><type>MP3 Format Sound</type><lastmod>06/12/02 02:33:39 PM</lastmod></file>
<file><id>file728</id><name><![CDATA[vanilla ice - Hip Hop Intro.mp3]]></name><size>160.25kb</size><type>MP3 Format Sound</type><lastmod>06/12/02 02:54:07 PM</lastmod></file>
<file><id>file729</id><name><![CDATA[vanilla ice - Hip Hop Rules.mp3]]></name><size>4.16mb</size><type>MP3 Format Sound</type><lastmod>06/12/02 02:32:48 PM</lastmod></file>
<file><id>file730</id><name><![CDATA[vanilla ice - Hot Sex.mp3]]></name><size>4.44mb</size><type>MP3 Format Sound</type><lastmod>06/12/02 02:32:26 PM</lastmod></file>
<file><id>file731</id><name><![CDATA[vanilla ice - I Know.mp3]]></name><size>4.33mb</size><type>MP3 Format Sound</type><lastmod>06/12/02 02:30:35 PM</lastmod></file>
<file><id>file732</id><name><![CDATA[vanilla ice - MC and Slasher.mp3]]></name><size>161.48kb</size><type>MP3 Format Sound</type><lastmod>06/12/02 02:34:12 PM</lastmod></file>
<file><id>file733</id><name><![CDATA[vanilla ice - Molton.mp3]]></name><size>4.44mb</size><type>MP3 Format Sound</type><lastmod>06/12/02 02:24:32 PM</lastmod></file>
<file><id>file734</id><name><![CDATA[vanilla ice - Natural Born Killas w-ICP Insane Clown Posse.mp3]]></name><size>4.61mb</size><type>MP3 Format Sound</type><lastmod>06/12/02 02:41:07 PM</lastmod></file>
<file><id>file735</id><name><![CDATA[vanilla ice - nothing is real.mp3]]></name><size>4.04mb</size><type>MP3 Format Sound</type><lastmod>06/12/02 02:18:58 PM</lastmod></file>
<file><id>file736</id><name><![CDATA[vanilla ice - O.K.S..mp3]]></name><size>3.37mb</size><type>MP3 Format Sound</type><lastmod>06/12/02 02:35:44 PM</lastmod></file>
<file><id>file737</id><name><![CDATA[vanilla ice - Primal Side.mp3]]></name><size>7.40mb</size><type>MP3 Format Sound</type><lastmod>06/12/02 02:37:11 PM</lastmod></file>
<file><id>file738</id><name><![CDATA[vanilla ice - Tha Weed Song.mp3]]></name><size>7.22mb</size><type>MP3 Format Sound</type><lastmod>06/12/02 02:41:13 PM</lastmod></file>
<file><id>file739</id><name><![CDATA[vanilla ice - unbreakable.mp3]]></name><size>3.12mb</size><type>MP3 Format Sound</type><lastmod>06/12/02 02:32:57 PM</lastmod></file>
<file><id>file740</id><name><![CDATA[vanilla ice - Vampiro.mp3]]></name><size>324.61kb</size><type>MP3 Format Sound</type><lastmod>06/12/02 02:34:03 PM</lastmod></file>
<file><id>file741</id><name><![CDATA[vanilla ice - White Trash.mp3]]></name><size>619.72kb</size><type>MP3 Format Sound</type><lastmod>06/12/02 02:34:38 PM</lastmod></file>
<file><id>file742</id><name><![CDATA[Vanilla Ice-Mudd Monster.MP3]]></name><size>1.36mb</size><type>MP3 Format Sound</type><lastmod>06/12/02 03:20:07 PM</lastmod></file>
</subfolder>
</subfolders>
</subfolder>
</subfolders>
<file><id>file743</id><name><![CDATA[lynard_skynard_free_bird.mp3]]></name><size>9.27mb</size><type>MP3 Format Sound</type><lastmod>07/01/02 02:59:45 PM</lastmod></file>
<file><id>file744</id><name><![CDATA[steve allen - This Could Be The Start Of Something Big.mp3]]></name><size>2.26mb</size><type>MP3 Format Sound</type><lastmod>04/18/02 10:34:21 AM</lastmod></file>
</folder>
</files>