<a id="1" link="index.asp" title="Home">
 <b id="2" link="user/index.asp" title="Users">
  <c id="3" link="user/Sock/index.asp" title="Sock"></c>
  <c id="4" link="user/him/index.asp" title="That Other Guy"></c>
 </b>
 <b id="5" link="gb/index.asp" title="Guest Book">
  <c id="6" link="gb/index.asp?add=yes" title="Add Entry"></c>
  <c id="7" link="gb/index.asp?view=yes" title="View Entries"></c>
 </b>
 <b id="8" link="msgbrds/index.asp" title="Message Boards">
  <c id="9" link="msgbrds/index.asp?board=General" title="General"></c>
  <c id="10" link="msgbrds/index.asp?board=Code" title="Code">
   <d id="11" link="msgbrds/index.asp?board=vb" title="VbScript"></d>
   <d id="12" link="msgbrds/index.asp?board=c" title="c/C++"></d>
  </c>
  <c id="13" link="msgbrds/index.asp?board=WhyWeLoveSock" title="Misc"></c>
 </b>
</a>