<?xml version="1.0" encoding="UTF-8"?>
<quiz>
	<Questions>
		<Qid>1</Qid>
		<Question>I trust my ability.</Question>
	</Questions>
	<Questions>
		<Qid>2</Qid>
		<Question>I express my emotions violently.</Question>
	</Questions>
	<Questions>
		<Qid>3</Qid>
		<Question>I could aside my personal benefit to help others.</Question>
	</Questions>
	<Questions>
		<Qid>4</Qid>
		<Question>I am ashamed of myself when i do something wrong.</Question>
	</Questions>
	<Questions>
		<Qid>5</Qid>
		<Question>I am cool and calm when I receive happy news.</Question>
	</Questions>
	<Questions>
		<Qid>6</Qid>
		<Question>I feel uncomfortable when people are around me.</Question>
	</Questions>
	<Questions>
		<Qid>7</Qid>
		<Question>I find pleasure in company of others.</Question>
	</Questions>
	<Questions>
		<Qid>8</Qid>
		<Question>I feel depressed at the slightest failure.</Question>
	</Questions>
	<Questions>
		<Qid>9</Qid>
		<Question>I know my strengths.</Question>
	</Questions>
	<Questions>
		<Qid>10</Qid>
		<Question>I do group work unwillingly.</Question>
	</Questions>
	<Questions>
		<Qid>11</Qid>
		<Question>I keep my emotions under control.</Question>
	</Questions>
	<Questions>
		<Qid>12</Qid>
		<Question>I am nervous in the presence of strangers.</Question>
	</Questions>
	<Questions>
		<Qid>13</Qid>
		<Question>I feel comfortable in new situations.</Question>
	</Questions>
	<Questions>
		<Qid>14</Qid>
		<Question>In am emotional situation gestures and bodly behaviour distrub me.</Question>
	</Questions>
	<Questions>	
		<Qid>15</Qid>
		<Question>I participate in group work overlooking personal inconveniences.</Question>
	</Questions>
	<Questions>	
		<Qid>16</Qid>
		<Question>I feel worthless when others blame me.</Question>
	</Questions>
	<Questions>
		<Qid>17</Qid>
		<Question>I am cool and calm when I receive bad news.</Question>
	</Questions>
	<Questions>	
		<Qid>18</Qid>
		<Question>I feel I am avoided by others.</Question>
	</Questions>
	<Questions>
		<Qid>19</Qid>
		<Question>I am sought after by others.</Question>
	</Questions>
	<Questions>
		<Qid>20</Qid>
		<Question>I feel elated at the slightest measure of success.</Question>
	</Questions>
	<Questions>
		<Qid>21</Qid>
		<Question>I know my weeknesses.</Question>
	</Questions>
	<Questions>
		<Qid>22</Qid>
		<Question>I do group work only when compelled.</Question>
	</Questions>
	<Questions>
		<Qid>23</Qid>
		<Question>I have a refined way of expressing emotions.</Question>
	</Questions>
	<Questions>
		<Qid>24</Qid>
		<Question>I feel uneasy even in familiar situations.</Question>
	</Questions>
</quiz>
