<CATALOG>
   <MOVIE >
      <GENRECODE>1</GENRECODE>
      <GENRENAME>Comedy</GENRENAME>
      <TITLE>Kids in the Hall: Brain Candy</TITLE>
      <DESCRIPTION>The Kids play over 40 wild and weird characters 
	in their first motion picture.</DESCRIPTION>
      <CAST>
         <STAR>
            <NAME>Dave Foley</NAME>
         </STAR>
         <STAR>
            <NAME>Scott Thompson</NAME>
         </STAR>
         <STAR>
            <NAME>Mark McKinney</NAME>
         </STAR>
         <STAR>
            <NAME>Kevin McDonald</NAME>
         </STAR>
         <STAR>
            <NAME>Bruce McCollock</NAME>
         </STAR>
      </CAST>
      <RATING>R</RATING>
      <RUNNINGTIME>89</RUNNINGTIME>
      <RELEASEYEAR>1996</RELEASEYEAR>
      <AVAILABILITY>
         <VHS>
            <INSTOCK>T</INSTOCK>
            <PRICE>10.99</PRICE>
         </VHS>
         <DVD>
            <UNAVAILABLE>T</UNAVAILABLE>
         </DVD>
      </AVAILABILITY>
   </MOVIE>
   <MOVIE >
      <GENRECODE>2</GENRECODE>
      <GENRENAME>Horror</GENRENAME>
      <TITLE>The Dead Zone</TITLE>
      <DESCRIPTION>Tense, gripping screen adaptation of Stephen King's 
	best-selling novel, The Dead Zone</DESCRIPTION>
      <CAST>
         <STAR>
            <NAME>Christopher Walken</NAME>
         </STAR>
         <STAR>
            <NAME>Martin Sheen</NAME>
         </STAR>
      </CAST>
      <RATING>R</RATING>
      <RUNNINGTIME>104</RUNNINGTIME>
      <RELEASEYEAR>1983</RELEASEYEAR>
      <AVAILABILITY>
         <VHS>
            <INSTOCK>T</INSTOCK>
            <PRICE>10.99</PRICE>
         </VHS>
         <DVD>
            <UNAVAILABLE>T</UNAVAILABLE>
         </DVD>
      </AVAILABILITY>
   </MOVIE>
   <MOVIE >
      <GENRECODE>3</GENRECODE>
      <GENRENAME>Action/Adventure</GENRENAME>
      <TITLE>The Running Man</TITLE>
      <DESCRIPTION>Set in 2019, an ex-cop framed and convicted of mass 
	slaughter becomes a contestant on the most popular game show 
	in which convicted felons race for their lives in decimated L.A. 
	in hopes of a pardon. Adapted from a Stephen King Novel.</DESCRIPTION>
      <CAST>
         <STAR>
            <NAME>Arnold Schwarzenegger</NAME>
             </STAR>
         <STAR>
            <NAME>Richard Dawson</NAME>
            </STAR>
      </CAST>
      <RATING>R</RATING>
      <RUNNINGTIME>101</RUNNINGTIME>
      <RELEASEYEAR>1987</RELEASEYEAR>
      <AVAILABILITY>
         <VHS>
            <INSTOCK>T</INSTOCK>
            <PRICE>9.99</PRICE>
         </VHS>
         <DVD>
            <INSTOCK>T</INSTOCK>
            <PRICE>19.99</PRICE>
         </DVD>
      </AVAILABILITY>
   </MOVIE>
   <MOVIE >
      <GENRECODE>2</GENRECODE>
      <GENRENAME>Horror</GENRENAME>
      <TITLE>Taxi Driver</TITLE>
      <DESCRIPTION>Portrait of a psychotic New York cabby who is driven to 
	violence in an attempt to rescue a teenage prostitute</DESCRIPTION>
      <CAST>
         <STAR>
            <NAME>Robert DeNiro</NAME>
         </STAR>
         <STAR>
            <NAME>Jodie Foster</NAME>
         </STAR>
         <STAR>
            <NAME>Cybill Shepherd</NAME>
         </STAR>
         <STAR>
            <NAME>Harvey Keitel</NAME>
         </STAR>
         <STAR>
            <NAME>Peter Boyle</NAME>
         </STAR>
         <STAR>
            <NAME>Albert Brooks</NAME>
         </STAR>
      </CAST>
      <RATING>R</RATING>
      <RUNNINGTIME>114</RUNNINGTIME>
      <RELEASEYEAR>1976</RELEASEYEAR>
      <AVAILABILITY>
         <VHS>
            <OUTOFSTOCK>T</OUTOFSTOCK>
            <PRICE>15.99</PRICE>
         </VHS>
         <DVD>
            <INSTOCK>T</INSTOCK>
            <PRICE>21.99</PRICE>
         </DVD>
      </AVAILABILITY>
   </MOVIE>
   <MOVIE >
      <GENRECODE>5</GENRECODE>
      <GENRENAME>Crime</GENRENAME>
      <TITLE>King Of New York</TITLE>
      <DESCRIPTION>Freed from prison, Frank White challenges fellow druglords and police in 
	bloody battles for control of New York City crime syndicates.</DESCRIPTION>
      <CAST>
         <STAR>
            <NAME>Christopher Walken</NAME>
         </STAR>
         <STAR>
            <NAME>Larry Fishburne</NAME>
         </STAR>
         <STAR>
            <NAME>Wesley Snipes</NAME>
         </STAR>
      </CAST>
      <RATING>R</RATING>
      <RUNNINGTIME>106</RUNNINGTIME>
      <RELEASEYEAR>1990</RELEASEYEAR>
      <AVAILABILITY>
         <VHS>
            <INSTOCK>T</INSTOCK>
            <PRICE>8.99</PRICE>
         </VHS>
         <DVD>
            <OUTOFSTOCK>T</OUTOFSTOCK>
            <PRICE>15.99</PRICE>
         </DVD>
      </AVAILABILITY>
   </MOVIE>
   <MOVIE >
      <GENRECODE>5</GENRECODE>
      <GENRENAME>Crime</GENRENAME>
      <TITLE>Killing Zoe</TITLE>
      <DESCRIPTION>An American safe cracker is summoned to Paris by 
	a childhood buddy to help pull off a daring daylight robbery 
	of the Federal Reserve Bank on Bastille Day.</DESCRIPTION>
      <CAST>
         <STAR>
            <NAME>Eric Stoltz</NAME>
         </STAR>
         <STAR>
            <NAME>Jean-Hughes Anglade</NAME>
         </STAR>
         <STAR>
            <NAME>Julie Delpy</NAME>
         </STAR>
      </CAST>
      <RATING>R</RATING>
      <RUNNINGTIME>96</RUNNINGTIME>
      <RELEASEYEAR>1994</RELEASEYEAR>
      <AVAILABILITY>
         <VHS>
            <INSTOCK>T</INSTOCK>
            <PRICE>12.99</PRICE>
         </VHS>
         <DVD>
            <INSTOCK>T</INSTOCK>
            <PRICE>18.99</PRICE>
         </DVD>
      </AVAILABILITY>
   </MOVIE>

</CATALOG>