<?xml-stylesheet type="text/xsl" href="C:\css.xslt"?>
<CSS>
	<STYLE name="md">
		<FONT-WEIGHT>normal</FONT-WEIGHT>
		<FONT-SIZE>10</FONT-SIZE>
		<COLOR>#ff0000</COLOR>
		<FONT-FAMILY>verdana,arial;</FONT-FAMILY>
		<TEXT-DECORATION>none</TEXT-DECORATION>
		<LINE-HEIGHT>12</LINE-HEIGHT>
	</STYLE>
	<STYLE name="md2">
		<FONT-WEIGHT>normal</FONT-WEIGHT>
		<FONT-SIZE>10</FONT-SIZE>
		<COLOR>#fff000</COLOR>
		<FONT-FAMILY>verdana,arial;</FONT-FAMILY>
		<TEXT-DECORATION>none</TEXT-DECORATION>
		<LINE-HEIGHT>10</LINE-HEIGHT>
	</STYLE>
</CSS>
