<?xml version="1.0" encoding="ISO-8859-1"?>

<CATALOG>
	<CD>
		<PRODUCT>Product 1</PRODUCT>
		<DESCRIPTION>No description available yet</DESCRIPTION>
		<PRICE>120</PRICE>
		<PICTURE>geenprent.jpg</PICTURE>
	</CD>
	<CD>
		<PRODUCT>Product 2</PRODUCT>
		<DESCRIPTION>No description available yet</DESCRIPTION>
		<PRICE>100</PRICE>
		<PICTURE>geenprent.jpg</PICTURE>
	</CD>
	<CD>
		<PRODUCT>Product 3</PRODUCT>
		<DESCRIPTION>No description available yet</DESCRIPTION>
		<PRICE>80</PRICE>
		<PICTURE>geenprent.jpg</PICTURE>
	</CD>
	<CD>
		<PRODUCT>Product 4</PRODUCT>
		<DESCRIPTION>No description available yet</DESCRIPTION>
		<PRICE>60</PRICE>
		<PICTURE>geenprent.jpg</PICTURE>
	</CD>
	<CD>
		<PRODUCT>Product 5</PRODUCT>
		<DESCRIPTION>No description available yet</DESCRIPTION>
		<PRICE>40</PRICE>
		<PICTURE>geenprent.jpg</PICTURE>
	</CD>
</CATALOG>
