<?xml version="1.0"?>

<!--   Paul Millar - PicturePod
*    Copyright (C) 2001  Paul Millar
*
*   This program is free software; you can redistribute it and/or modify
*   it under the terms of the GNU General Public License as published by
*   the Free Software Foundation; either version 2 of the License, or
*   (at your option) any later version.
*
*   This program is distributed in the hope that it will be useful,
*   but WITHOUT ANY WARRANTY; without even the implied warranty of
*   MERCHANTABILITY or FITNESS FOR A PARTICULAR PURPOSE.  See the
*   GNU General Public License for more details.
*
*   You should have received a copy of the GNU General Public License
*   along with this program; if not, write to the Free Software
*   Foundation, Inc., 59 Temple Place, Suite 330, Boston, MA  02111-1307  USA
*
*   dazzle750@hotmail.com
-->

<pod>

<pictures title="Liz Hurley">bed_1.jpg</pictures>
<pictures>bed_2.jpg</pictures>
<pictures>bed_3.jpg</pictures>
<pictures>bed_4.jpg</pictures>
<pictures>bed_7.jpg</pictures>

</pod>

