<?xml version="1.0" encoding="UTF-8"?>
<FunQuiz>
	<Questions>
		<Qid>1</Qid>
		<Question>Who is more moodier?</Question>
		<Answer>Uneven and messy writing is a sign of moodiness</Answer>
	</Questions>
	<Questions>
		<Qid>2</Qid>
		<Question>Who is more outgoing and friendly?</Question>
		<Answer>Larger writing that slants to the right indicates friendiness</Answer>
	</Questions>
	<Questions>
		<Qid>3</Qid>
		<Question>Who likes to be in the middle of everything?</Question>
		<Answer>Writing that is centered on the page is a sign that person wants to be in the middle of things</Answer>
	</Questions>
	<Questions>
		<Qid>4</Qid>
		<Question>Who is feeling more aggressive?</Question>
		<Answer>Forward straight upstrokes indicates aggressiveness</Answer>
	</Questions>
	<Questions>
		<Qid>5</Qid>
		<Question>Who is feeling more depressed?</Question>
		<Answer>Writing that slants down is a sign of depression</Answer>
	</Questions>
	<Questions>
		<Qid>6</Qid>
		<Question>Who is feeling more uptight and narrow-minded?</Question>
		<Answer>Compressed and narrow writing indicates an uptight person</Answer>
	</Questions>
	<Questions>
		<Qid>7</Qid>
		<Question>Who is more likely to hold back their feelings?</Question>
		<Answer>Writing that slants to the left indicates an introverted person</Answer>
	</Questions>
	<Questions>
		<Qid>8</Qid>
		<Question>Who is feeling more economical?</Question>
		<Answer>Small compressed writing is a sign of a conservative person</Answer>
	</Questions>
	<Questions>
		<Qid>9</Qid>
		<Question>Who is the most organized?</Question>
		<Answer>Writing that is neat and equally balanced indicates a well organized person</Answer>
	</Questions>
	<Questions>
		<Qid>10</Qid>
		<Question>Who is writing about the future?</Question>
		<Answer>Writing about the future will be more out on the right side of the page</Answer>
	</Questions>
	<Questions>
		<Qid>11</Qid>
		<Question>Who likes to venture out the most?</Question>
		<Answer>Writing of an adventurous person will not be hugging the left side of the page</Answer>
	</Questions>
	<Questions>
		<Qid>12</Qid>
		<Question>Who is most likely to procrastinate?</Question>
		<Answer>T crossings to left of stem indicates a person who will put things off</Answer>
	</Questions>
	<Questions>
		<Qid>13</Qid>
		<Question>Which Mrs Doe wants a divorce from Mr Doe?</Question>
		<Answer>The woman who is trying to cross out her last name wants a divorce</Answer>
	</Questions>
	<Questions>
		<Qid>14</Qid>
		<Question>Who is feeling defensive and thinking about themself?</Question>
		<Answer>Strokes that swing back to the left indicates a person thinking about themself</Answer>
	</Questions>
	<Questions>	
		<Qid>15</Qid>
		<Question>Who is more likely to set high goals?</Question>
		<Answer>High T crossings indicates a person with high goals</Answer>
	</Questions>
	<Questions>	
		<Qid>16</Qid>
		<Question>Who is feeling more generous?</Question>
		<Answer>Long flowing end strokes indicates a person willing to give of themself and belongings</Answer>
	</Questions>
	<Questions>
		<Qid>17</Qid>
		<Question>Who has the biggest imagination?</Question>
		<Answer>Large loops indicates a large imagination</Answer>
	</Questions>
	<Questions>	
		<Qid>18</Qid>
		<Question>Who is more likely to have a few peculiar habits?</Question>
		<Answer>Circles for dots indicates personal peculiarities</Answer>
	</Questions>
	<Questions>
		<Qid>19</Qid>
		<Question>Who is more likely to be thinking about sexual pleasures?</Question>
		<Answer>Dark heavy writing is a sign of sensuousness</Answer>
	</Questions>
	<Questions>
		<Qid>20</Qid>
		<Question>Who might be dishonest about money?</Question>
		<Answer>Numbers that are difficult to read may indicate deceit</Answer>
	</Questions>
	
</FunQuiz>
